{
    "P043": [
        1.028,
        89.48,
        117.99,
        21.448,
        152.28,
        61.86,
        50.045,
        226.2,
        58.29,
        233.49,
        23.69333333333333,
        27.21,
        78.25,
        100.76,
        44.74,
        54.69,
        47.38,
        67.92333333333333,
        32.11
    ],
    "P048": [
        54.07,
        75.01,
        45.82,
        95.95,
        38.585,
        147.045,
        19.895,
        122.93,
        39.010000000000005,
        277.66,
        31.926,
        17.490000000000002,
        34.356,
        271.41,
        13.203999999999999,
        58.035,
        12.88,
        24.618000000000002,
        13.25
    ],
    "P030": [
        51.391999999999996,
        5.915,
        60.306666666666665,
        67.9725,
        10.462,
        119.68,
        20.252000000000002,
        9.37,
        59.15,
        85.99,
        71.57666666666667,
        210.73,
        61.625,
        47.292,
        21.53,
        27.12,
        58.3375,
        58.36,
        35.6425,
        113.255,
        211.74,
        42.223333333333336
    ],
    "P031": [
        205.12,
        46.33,
        22.8,
        4.125,
        99.75999999999999,
        65.31,
        21.636000000000003,
        69.2925,
        2.106,
        107.31,
        64.905,
        30.732,
        150.84,
        31.432,
        62.13,
        187.18,
        9.013333333333334,
        204.22,
        133.55,
        49.148,
        48.07,
        193.41,
        37.23,
        33.87
    ],
    "P049": [
        30.026,
        2.4433333333333334,
        3.685,
        97.41,
        9.266,
        151.31,
        106.5,
        32.75,
        58.906666666666666,
        32.63666666666666,
        12.993333333333332,
        65.56666666666666,
        49.79,
        20.265,
        27.21,
        297.15,
        116.5,
        18.403333333333332,
        16.5625,
        57.56,
        26.71,
        84.71
    ],
    "P028": [
        58.72,
        206.71,
        44.718,
        80.86333333333333,
        46.7525,
        24.975,
        93.685,
        88.22333333333334,
        158.48,
        296.81,
        56.589999999999996,
        46.164,
        96.76666666666667,
        3.72,
        108.575,
        31.258,
        77.04,
        79.36,
        36.0,
        70.24,
        10.03,
        30.34,
        249.84
    ],
    "P045": [
        39.4,
        19.473333333333333,
        60.4675,
        138.87,
        91.16333333333334,
        229.82,
        45.56,
        30.868000000000002,
        245.27,
        87.34666666666668,
        56.616,
        270.41,
        47.85,
        61.95,
        147.48,
        6.6,
        23.045,
        223.58,
        95.02,
        94.44
    ],
    "P014": [
        115.755,
        19.165,
        29.655,
        77.08,
        19.516666666666666,
        28.0775,
        129.885,
        8.804,
        18.4175,
        67.205,
        56.715999999999994,
        40.976,
        138.37,
        105.685,
        113.5,
        5.5920000000000005,
        47.7825,
        67.12,
        8.1725,
        6.624,
        49.769999999999996
    ],
    "P022": [
        97.05333333333334,
        67.64666666666666,
        35.9975,
        134.865,
        141.03,
        33.606,
        55.585,
        15.356,
        17.092,
        36.18,
        293.39,
        73.505,
        37.07,
        52.52666666666667,
        57.660000000000004,
        18.74,
        13.68,
        90.53,
        125.11,
        290.18,
        91.79
    ],
    "P009": [
        3.1025,
        41.245,
        223.68,
        50.6875,
        88.13,
        12.463333333333333,
        181.08,
        58.120000000000005,
        56.922000000000004,
        17.432,
        6.703333333333333,
        68.795,
        64.85,
        177.8,
        106.86,
        39.414,
        272.52,
        81.34333333333333,
        91.25999999999999,
        5.174,
        32.696,
        3.905,
        35.545
    ],
    "P033": [
        145.575,
        63.1925,
        44.5,
        49.865,
        70.80666666666666,
        28.8625,
        55.16,
        39.414,
        62.373333333333335,
        9.440000000000001,
        11.203333333333333,
        13.89,
        2.53,
        6.328,
        262.12,
        125.2,
        36.077999999999996,
        67.22333333333333,
        58.1525,
        149.525
    ],
    "P042": [
        36.4,
        80.03,
        48.53,
        10.873999999999999,
        19.674,
        97.47,
        28.31,
        28.2475,
        15.193333333333333,
        68.91,
        196.83,
        9.494,
        115.175,
        179.38,
        202.56,
        56.5175,
        61.8025,
        6.015,
        66.155,
        19.6425,
        62.28333333333333
    ],
    "P021": [
        73.5925,
        14.9175,
        77.15,
        22.363333333333333,
        40.15,
        95.055,
        289.92,
        13.86,
        29.625,
        143.86,
        177.6,
        9.998000000000001,
        30.9225,
        100.395,
        12.342,
        55.66799999999999
    ],
    "P025": [
        47.582,
        10.75,
        53.87,
        52.44199999999999,
        46.28,
        22.506,
        60.27,
        40.155,
        91.52,
        19.3175,
        101.57,
        19.425,
        18.7025,
        15.21,
        72.18,
        40.19,
        25.384
    ],
    "P023": [
        6.142,
        54.910000000000004,
        31.425,
        51.75,
        281.45,
        9.9625,
        47.118,
        3.585,
        226.15,
        42.04666666666667,
        11.5525,
        55.495,
        22.3875,
        89.23,
        17.88,
        73.285,
        26.7875,
        1.1019999999999999,
        24.845,
        54.970000000000006,
        209.19,
        51.645,
        13.145
    ],
    "P017": [
        270.98,
        281.86,
        13.436666666666667,
        53.879999999999995,
        37.115,
        47.465,
        85.43,
        42.2,
        130.585,
        47.09,
        73.07,
        40.723333333333336,
        5.013333333333333,
        16.886000000000003,
        41.672000000000004,
        8.023333333333333,
        135.23,
        39.22,
        113.87,
        110.84
    ],
    "P010": [
        15.253333333333332,
        9.528,
        49.62,
        38.435,
        118.86,
        64.095,
        87.41333333333334,
        48.975,
        85.725,
        44.092,
        83.7,
        73.12333333333333,
        37.79,
        69.79,
        2.51,
        11.216666666666667,
        23.246666666666666,
        7.57
    ],
    "P007": [
        26.46,
        36.19,
        36.858,
        49.1075,
        43.435,
        16.296666666666667,
        68.22,
        58.9575,
        49.29,
        51.552,
        8.115,
        40.04,
        25.9375,
        84.725,
        23.966,
        18.625,
        68.04666666666667,
        30.13,
        93.97000000000001,
        53.432,
        36.022000000000006,
        68.45666666666666,
        98.19666666666666,
        42.032
    ],
    "P001": [
        18.19,
        111.04,
        129.2,
        38.135,
        15.986,
        52.195,
        40.805,
        42.372,
        8.8675,
        21.7,
        41.4,
        96.58,
        3.17,
        281.3,
        112.355,
        36.372,
        91.89666666666666
    ],
    "P029": [
        38.21,
        34.56,
        56.39,
        82.935,
        129.905,
        6.52,
        63.49,
        33.172000000000004,
        89.63,
        23.886000000000003,
        7.453333333333333,
        75.71333333333332,
        28.713333333333335,
        31.5125,
        51.655,
        194.24,
        77.64
    ],